iter	RMSE
0	207.4866942
50	35.44205879
100	17.29638702
150	11.45528467
200	7.721085412
250	5.682704263
300	4.588055109
350	3.8715987
400	3.364959107
450	2.933835748
499	2.616342868
